sequence,label
METFHCRPTEALCYDMRCETLAWLHMHHLKVMREKFGKEAHGGLHVNVMKFLWIG,enzyme
MFLFAIVWWVIVMFAVAMVILFWIFFVWVFLMVVLF,membrane
MASGNGSGRGGSRAKRKSRQNKRRKGNTQQTTKNGTTKNNARRQ,dna_binding
MIMIVFYWLWWMFILMLYVFMWAMAWVFIMWMYVYLFLMFVVVVVYIAI,membrane
MNDGGHAQENYHWWVGLNMTSRDPYLRFGMQYWPDDGMIMMLKYPKRNWTR,enzyme
MRSQKTANTRRKNGRQNGKKSRTQGRNTRRRSSAQTQQRKQGKRRKGNRRQRTSTSQN,dna_binding
MSRSNRSQKSSQGGQQRGKANKNKSATGAKNASKSARSTRKKRQGGSARTR,dna_binding
MSAGNKRRKAANGSGSAARTTSQAKARSGAGNNAAQRNNKNNKRTSGRQKQTGGNASAKRNKQTQKTGQ,dna_binding
MLILYYYWWLYIYYFFAWIFYYAALIVLVYAYMWYLAYIWILAMYYL,membrane
MFAVFAAYFMWMMFLIAFYAWLIFWVLMLWFLFYFWFLLIMVWIVAFIYWFVWIMYA,membrane
MQRKNAKANAQGGRRASKGNTRNAKGASRRKKRSTQQNNKSAQSAAARQTKAQQNQSNTGQAT,dna_binding
MEKVAPAPASQKVPGAEQGPGSSPSPKPVSEVKQAPSVKKGKVVGEAEP,structural
MPQGQGPAVSSQEEESAPQKGPVPQAEKSAPSGEAKAPEVPEAQGVQVGKPEKKES,structural
MAMFLFYVILFLFAVIMIYILYFFVYYMYLVMLIFVWFAFFYLYYWWVYWMMVMVAWYVVLYALWI,membrane
MSWEYLCWPDCMNQQEIYAPCLTCMVWFMTIFCPRYWTDIQLPFFMDSGVSYGDPTQFFSVHSPW,enzyme
MPPQSPEKGVQSEGKAQVPSGGKGGGKVPSKAPAPAPSV,structural
MTASGGKRRKSRTNTNGASASQGSKKRGKRQGGKTNQAQ,dna_binding
MRCFASCEPCDQPGYWRYNLMHVDRWFDRERLRSIIFGGTGGMMRSADSENSRGLN,enzyme
MTNGSAGGGQSQQGQKKRKKRRKRQKNGSKGGKKTKKAAKTQRRQNNASATRSTGN,dna_binding
MKGVASGSGSGKPESSAVEAPPQKQGQKQVQAKSGKAPEPVEAAVGQGA,structural
MIVVYFAIFWIFVFLLILIFMLWLAWYAIWFMAMIIYILLYLFVM,membrane
MAAVQSPQQKSKEAQPGAKGGSSGPQAQSGGSGSGQVE,structural
MRAGSTTRSSGQARQSRNARQSQTTQTRKKRQGAQQSGKSKGQNTGT,dna_binding
MPAPAPSQQGAPSQGAGKPAAKGPQQVPQSKQVAQGEKSAEQES,structural
MRAAGNAGNRQRGQGRSSKRKRQSNRNQNGKSSGQRRATGTTRQSRGGSQQQTKRQAQQSNSARAN,dna_binding
MPAEVPSPAPAPVQGPPGKKGAKVSVEPSQQSAKKKAKKVAKPAQQPPAESKVVPSKVKVK,structural
MRTTTGKKQRGTSRKNNGAKRAKQSKNQKKRKNTSTQRSK,dna_binding
MVVMYMFVYAVWVLYLAVAIVLYLAFVWMYWWVFVFIYAVVVVAAMMALMLYIMYFW,membrane
MSQNTKKKQSGGQQSSQTASGAGKSSRTAKRRKRGQTQNKRNKGSTQTNTGKQNSGTS,dna_binding
MFWIALLAIFYVYYVFMIWVIFYFAMLLLLFMLFFWIAYVLLVMW,membrane
MSGSQVAEAPASKGAVAPKPPAPAPQQGVSGEEKG,structural
MLYMWFWFFAMIMVYMYYYAIFMVMFWYWVILFFFFMIMWILMMYFFIMFMWLFALFAAFLYIAFY,membrane
MRKTSRKRGKATQQTRRKRTRQSRQTQNKKAGTTN,dna_binding
MSGVQAEQSPSAQAKPEGAPGPGKVEGVGEAPAPAPEAKKVPKGVGEAASPPPS,structural
MFLLIILAAFYIIMLVYWVLVIYVFAWMYYMWIWWAVFMIYIMAAWMLMIMMMWL,membrane
MRSAGGQGANRSQGARRKRNQTTSRTRQQGSNKAT,dna_binding
MQAEGQAAEAAKSSESVQEGPPEVPEPPAAKGAAA,structural
MYKTCDLDHTEEIVPHHTIWGVVQEWNRQEGGVPTMGVYRNMVMNQQDPAHVHPVKNR,enzyme
MVVEVAPGKGQAESSAQSKSVAQPAKKGKPPQKGGGAQVAPAPAVEKGG,structural
MFMLLLLVAAIMMAMVMYFALVWFLMWIIVIWWFAYIVIFWM,membrane
MANRKTKNNRRKGKNKRKKRKQANSSNAQNTAAKQTGKSTSTTQATQGNNAQGKTTQ,dna_binding
MSRAHTLHCYTTIHKSIHAGDKPNPPWHTADDVLVWNN,enzyme
MDERNDTPTYGPVPCGMWFGFGCQLLRLGEFGGTGGRSSVAYSIH,enzyme
MFMWMFVLFYWIAYIIMFLWIMWFLYFAFILFIILFFLLIFYFAIVFAAWLFLYVAIILAW,membrane
MWYYIMMIWAMMAIAMIAWIMFYMLYMYVMIIVWVVVILFVWIMMMYLVLFYMI,membrane
MQTQQAAAGQRQKRRKGRSANGNGRQAKTSTSGSTQASNG,dna_binding
MQQKQPPSVPVSPPSSVEGAQEGAPEEKVQGVKVSGQPSSGSPGAGPGPGPAPPAQKQAEKG,structural
MKDHGPEEDSVCAPTDEKYFDPLIILRFFTGWSYGSRVKVRFV,enzyme
MVLNSVIDRLNQKFLAATDYRHVASSLAQLYIAVNHQVQPIGPPIKDQITYKLVKQHDGFLE,enzyme
MVWAWIWIVFFLWILWFVLIFVWLIVWAWVVVVYMMLLIFIAWLVLLLLYAVW,membrane
MWAKGQTEVDTLMETKVWKRPWSIMRRWASEKDPIIMQNTVAKILDPMDVGSMNGISHGSHIIK,enzyme
MKQKPAEQGQSSPQVKKVVQGSGSGPEPKVSGASSEPSQVGGSVVPVGSK,structural
MHEFGAYYKYWYIYIIANDSFTYSNGGTGGGHICQAKQIHHDGRYSMRIQPC,enzyme
MNFEEDSYAVCSNYMSWKSGTKPIWFCTQSVCTNPGHKSGHAAHPWEMNY,enzyme
MIDKQMWDEQQNNHMNYALGNYRYFRCIHNHKSCHYFLAMELRSAMHVHHVTKVSYFAPWTCKGCLHY,enzyme
MAIMLVFLLIALVAVFYFVYLMFMAAWAAYLAILIIMVIMA,membrane
MNNAGNSGGATTQNQAKGSRRARQAGQTRNGSKTKTSNTRRKKRRSQQKAGQG,dna_binding
MLFLIALAWMWALFAVILFYYWIYMAFYAAYVVIYYIIWLILFWVFYVIIMV,membrane
MFLIVLVMIMIFIAWVWIWAVYIVWYLVLFYYVFWMIFYMYV,membrane
MSRRSAAGTQGSKKRKAKRTSQKQGKQRNSSTKQGSSGRQSTSANR,dna_binding
MMAGKWEPIACWGGTGGIGSDYMCCNFVEFSIMVNRHAPNFKCSRVLVSH,enzyme
MLAFWAWMMIWVLMLLVALWVMFLLIAYMMYWFMMAMVWFIFWV,membrane
MAKASNKRGAQTARASNRKKRGSTGNNRGSRRKNQQSGRNGRGKGQTGKGAK,dna_binding
MYWYVTCTERRCITVPCVPTCHLRPLLRGQLYCTFRRDTEGWVFPHKSMHRWHRD,enzyme
MYATFLALIHMAKVTVWWFECRNFFKHGGMHLDWPWH,enzyme
MYIYFVFYYIAVWFAIMAFALYYFLVYIYWVWWILWVYFVAYIWFWIVAFLLIW,membrane
MEQQQPSVSKVEGGEAKGEGVASVSEQVVEEKAKPAKSAQGPGPGSVQKGVGAKVGVPPKESGGKA,structural
MPKNEALPIPTEMSYVDHKSIHACITLMSPGANNN,enzyme
MAYIWVVVFIVAWLYWIVVVVVIVFWMWLIIMWWLMI,membrane
MRDYYAGGTGGHCGFCNCFCWYLMDCEQGGLYYWVGRWNCDLMNPDQVDLSFEKMTQTHHYCEW,enzyme
MVKGPGVPEKVPAPAPGQQAVSSVVVESKPAVKSSPVQAQEEPVKKPESVA,structural
MMRKYVGDTFRLKVNRATPGAYNYIMDVPHTSVFYLMQMEETDCFGCHESHECWDCNHWKCNIYDAHSD,enzyme
MPVAEEGQQVAEQSQVVKKPGKGSAESGGGVASQVAKKKAPAPAPGGGPGPGEGQPEASKKKGS,structural
MPAPSSPKPVSGVGVPPGGAVGSGSGEVGGQKVGVSGQEEGGPQPG,structural
MKANQTRANARKRKKRRGKNQATKSNTQRSRKTGK,dna_binding
MAGNSTATKKRKKGNGARTGQANAQTTRGGTTKSRRNSQKTSTRKRANNGSTGQSKGRAT,dna_binding
MFMVWYYYVILFFWIMFMMLAAMYIYVMVYVMLAI,membrane
MAKANNKRRKGTRNGRKSSQTTSQGRKRKANKKTATTTRQ,dna_binding
MSGPGPGPKGGPSEEEQQVKESKEQAPVEEAKAVEVEEESGSPQV,structural
MYVVIWVWFWLYIIIIVIWLAWVILFAFFWIMLYMIWWIFMVAFALFFWWALLVILAIMVV,membrane
MASSQASQAGPKVPAAPGEASEQQKQQVPQAPAPAVAEEAGPGPGKGSGQEGEVPGAPPQAESVSQGGG,structural
MRKATTNQSSNQGGGAGKRTGNNSKKKKRKKRTQASTSKTKNSARTGARQ,dna_binding
MKSYMNGSQHQNNPKRGWFWIEDERHPHFFSAGQSFTVMSLKVWCPEGCHK,enzyme
MRQQQSKKRKANTKGAAGNTAGRKQGTGGKRRKSSTQSRSNGR,dna_binding
MKAAGQAPGPGPGVQVVKESASGAGAGKKVQAVSKEKEAAGEPSVGASVQPEEGPQKSAKA,structural
MTAPHMQNEFQWKKVQWNYGGTGGVSGNVVSKLWNPFEIRGEHTPMVYCGPADFSYQDDKINDYCPPY,enzyme
MLQYMKTWYNFYWSTSSGYILHAEAREHYQQCMNVHAHLKDLLTVMAEMMPWYAGHMMGGTGGFR,enzyme
MAQGGAAAEVQEQKKPGEQGQPQVSPKEPAPAPEK,structural
MVSSSEVGGVAVKQEQPAPQGPPSEGEEGPESPVKASQGPGPGQVPPESKSVSSEKGAGGAQPQEEG,structural
MSRGSRNKATKRNRRKRAKNNRGNNTNSATGSAASGGRGSNSSTKNQKATA,dna_binding
MVILFLYWYVYLYYFMFYMFYIFMFWWILLMVLMIVVWYVAMVVAV,membrane
MMAFCVAGHGGHHAIDFASHMQLSNRCMDFCKPDVSGHKPAEIPRICHRETHSPLMGCVTEKSLHN,enzyme
MAGPKAEAEASKVVGSAEASVKKVEGVVQGPVSSQEVGVKKPEVPEGAEGS,structural
MSTSKAGGNSTTQTRANRRAQTQTSRKKRAGSARQRQTGTRKRSRSTKA,dna_binding
MQCTLWMVVAHWMNDFKAMPVGWYPGYELMCKQDSINRLHTLGENCHDRTDTLHHM,enzyme
MKPAVKIFMPFDPTYIQIWFQLYMRVFHFWVHFLTFQFWGMHKSRHMFAMQQ,enzyme
MGGPQSVSQVEAVAPGSPQAKEEVAKPVSEESKVGPGPGQPSVPVPQEASSQKPGEAP,structural
MAFYIIVYIALLLLLIVMVYYFVFAIMMFILMLILAVYYFAMFFYIMFMVIMLFLI,membrane
MEEKPAGPAPAPAAPPGGVVKEAVVGAQQKEQKQGAGPGAQKKGQVPGK,structural
MALVLIYFWVIWVWYAIMFMIVIIYLFAAWAFWWVLMVILFIVMYLMYFYFAYFLIYWFVFYFMVYIM,membrane
